benchmark_name,solver_result,cpu_time_s,wall_time_s,max_rss_kb,exit_code
1mhz_k20_saradc_2b_box_4a_1e,SAT,19.30,20.14,458288,0
1mhz_k28_saradc_3b_box_4a_3e,SAT,44.44,45.73,928432,0
1mhz_k30_saradc_2b_box_6a_2e,SAT,26.93,27.94,937408,0
1mhz_k70_saradc_3b_nonlinear_10a_14e,UNSAT,63.57,65.29,3808800,0
1mhz_k72_saradc_4b_box_8a_100000e,UNSAT,167.43,169.90,4837568,0
1mhz_k72_saradc_4b_nonlinear_8a_30e,UNSAT,20.94,22.23,4469968,0
1mhz_k84_saradc_3b_box_12a_14e,UNSAT,72.78,74.87,5574224,0
1mhz_k84_saradc_3b_box_12a_31e,UNSAT,72.24,74.34,5557088,0
1mhz_k84_saradc_3b_nonlinear_12a_100000e,UNSAT,31.47,33.14,4925968,0
1mhz_k84_saradc_3b_nonlinear_12a_15e,UNSAT,30.40,32.01,4899920,0
github_oct5_0hz_k256_gen_gen-0-multi-nonlinear.drh.n,UNSAT,17.45,18.28,1038960,0
github_oct5_0hz_k256_glucose_control_large_variance.drh.o,UNSAT,7.47,7.59,954064,0
github_oct5_0hz_k32_cardomain_car-10-single-linear-no-acc-no-lock.drh.n,SAT,115.06,116.13,940896,0
github_oct5_0hz_k32_crazyflie_stabilizer.drh.o,UNSAT,0.50,0.52,170496,0
github_oct5_0hz_k4_battery_battery-double-sat.drh.o,TIM,596.05,600.01,10160,124
github_oct5_0hz_k4_cardomain_car-2-single-nonlinear.drh.n,SAT,8.98,9.04,16400,0
github_oct5_0hz_k4_cardomain_car.drh.n,SAT,181.61,183.10,20416,0
github_oct5_0hz_k64_water_water-double-network-sat.drh.n,SAT,0.81,0.84,231200,0
github_oct5_0hz_k8_airplane_airplane-single-network-sat.drh.n,SAT,0.97,1.00,24688,0
github_oct5_0hz_k8_airplane_airplane-single-network.drh.n,SAT,1.03,1.06,24656,0
odeexpr_v1_box_sweep.ising__phi_7,UNSAT,0.00,0.01,5760,0
odeexpr_v1_box_sweep.ising__phi_pi,UNSAT,0.00,0.01,5808,0
odeexpr_v1_box_sweep.ising__phi_pi_2,UNSAT,0.00,0.01,5856,0
odeexpr_v1_box_sweep.ising__theta_2pi_5,UNSAT,0.00,0.01,5792,0
odeexpr_v1_box_sweep.ising__theta_pi_2_m0p1,UNSAT,0.00,0.01,5712,0
odeexpr_v1_box_sweep.tanh_decrease__J0.6,SAT,0.02,0.02,5664,0
odeexpr_v1_box_sweep.tanh_decrease__J1.0,SAT,0.02,0.02,5680,0
odeexpr_v1_box_sweep.tanh_decrease__xwin1.5,SAT,0.02,0.03,5664,0
odeexpr_v1_box_sweep.tanh_decrease__xwin2.0,SAT,0.02,0.03,5728,0
odeexpr_v1_cs2_lyapunov__corrected_V,UNSAT,0.02,0.03,5840,0
odeexpr_v1_cs2_overclaim__published_E,SAT,0.02,0.02,5888,0
odeexpr_v1_cs2b_contraction__local,UNSAT,0.02,0.02,5888,0
odeexpr_v1_cs2b_dgas__decrease,SAT,0.02,0.03,6000,0
odeexpr_v1_cs2b_dgas__observation,UNSAT,0.00,0.01,4720,0
odeexpr_v1_cs2b_dgas__positivity,UNSAT,0.01,0.02,5584,0
odeexpr_v1_cs3_expressivity__decrease,SAT,0.02,0.02,5776,0
odeexpr_v1_cs3_expressivity__observation,UNSAT,0.00,0.01,4416,0
odeexpr_v1_cs3_expressivity__positivity,UNSAT,0.01,0.02,5536,0
odeexpr_v1_cs4_equivalence__decrease,SAT,0.03,0.03,5776,0
odeexpr_v1_cs4_equivalence__observation,UNSAT,0.00,0.01,4368,0
odeexpr_v1_cs4_equivalence__positivity,UNSAT,0.01,0.02,5568,0
odeexpr_v1_cs5c_sigmoid__decrease,UNSAT,574.42,577.59,5936,0
odeexpr_v1_cs5c_sigmoid__observation,UNSAT,0.00,0.01,4384,0
odeexpr_v1_cs5c_sigmoid__positivity,UNSAT,0.01,0.02,5472,0
odeexpr_v1_ising_chain__stability,UNSAT,0.00,0.01,5856,0
odeexpr_v1_kuramoto_gradient__stability,UNSAT,0.00,0.01,5920,0
odeexpr_v1_nbody_momentum__decrease,UNSAT,0.02,0.03,5600,0
odeexpr_v1_size_sweep.aim_poly_vs_poly2__N2__decrease,SAT,0.01,0.01,6768,0
odeexpr_v1_size_sweep.aim_poly_vs_poly2__N3__decrease,SAT,0.02,0.03,10912,0
odeexpr_v1_size_sweep.aim_poly_vs_poly2__N4__decrease,SAT,0.06,0.07,21760,0
odeexpr_v1_size_sweep.aim_tanh_vs_mlp2__N2__decrease,SAT,0.01,0.02,7040,0
odeexpr_v1_size_sweep.aim_tanh_vs_mlp2__N3__decrease,SAT,0.01,0.02,8256,0
odeexpr_v1_size_sweep.aim_tanh_vs_mlp2__N4__decrease,SAT,0.03,0.06,12800,0
odeexpr_v1_size_sweep.kuramoto__N2,UNSAT,0.01,0.01,5616,0
odeexpr_v1_size_sweep.kuramoto__N3,UNSAT,0.01,0.02,5936,0
odeexpr_v1_size_sweep.kuramoto__N4,UNSAT,1.14,1.16,6576,0
odeexpr_v1_size_sweep.kuramoto__N5,UNSAT,92.92,93.84,7184,0
odeexpr_v1_size_sweep.kuramoto__N6,TIM,596.70,600.01,8080,124
odeexpr_v1_size_sweep.kuramoto_doe__N2,UNSAT,0.00,0.01,5536,0
odeexpr_v1_size_sweep.kuramoto_doe__N3,UNSAT,1.99,2.00,6048,0
odeexpr_v1_size_sweep.kuramoto_doe__N4,TIM,596.86,600.00,6288,124
odeexpr_v1_size_sweep.kuramoto_doe__N5,TIM,596.93,600.01,6912,124
odeexpr_v1_size_sweep.kuramoto_doe__N6,TIM,596.86,600.01,7520,124
odeexpr_v1_tanh.composite_lipschitz_i0,TIM,596.90,600.01,5632,124
odeexpr_v1_tanh.composite_lipschitz_i1,TIM,596.83,600.01,5632,124
odeexpr_v1_tanh.decrease_d_i__tau0.0015,TIM,597.24,600.01,6000,124
odeexpr_v1_tanh.decrease_d_i__tau0.0025,TIM,597.17,600.01,5984,124
odeexpr_v1_tanh.decrease_exact__tau0.0015,TIM,597.12,600.01,5728,124
odeexpr_v1_tanh.decrease_slope__tau0.0015,TIM,597.20,600.00,5792,124
odeexpr_v1_tanh.lipschitz_lemma_2var,UNSAT,0.03,0.04,5600,0
odeexpr_v2_aim_tanh_n1__mlp2_n1_h1__average_descends__k0__dh1__GNone__abs__forall__16b8b921,SAT,0.01,0.02,5680,0
odeexpr_v2_aim_tanh_n1__mlp2_n1_h1__both_descend__k0__dh1__GNone__box__forall__0246687b,SAT,0.01,0.02,5808,0
odeexpr_v2_aim_tanh_n1__mlp2_n1_h1__both_descend__k0__dh1__GNone__box__forall__b9469e2f,UNSAT,0.02,0.03,5744,0
odeexpr_v2_aim_tanh_n1__mlp2_n1_h1__both_descend__k0__dh1__GNone__box__forall__bc4c8b8c,UNSAT,0.01,0.02,5728,0
odeexpr_v2_aim_tanh_n1__mlp2_n1_h1__both_descend__k0__dh3__GNone__abs__forall__39211b76,UNSAT,0.01,0.03,5792,0
odeexpr_v2_aim_tanh_n1__mlp2_n1_h1__both_descend__k0__dh3__GNone__abs__forall__e5f652b8,UNSAT,0.01,0.02,5808,0
odeexpr_v2_aim_tanh_n1__mlp2_n1_h1__sign_agreement__k0__dh2__GNone__box__forall__94b41383,UNSAT,0.01,0.02,5760,0
odeexpr_v2_aim_tanh_n1__mlp2_n1_h1__sign_agreement__k0__dh2__GNone__box__forall__cfdfa2e4,UNSAT,0.01,0.02,5808,0
odeexpr_v2_aim_tanh_n1__mlp2_n1_h1__sign_agreement__k0__dh2__GNone__box__forall__d9d9cb88,UNSAT,0.02,0.02,5760,0
odeexpr_v2_aim_tanh_n2__mlp2_n2_h2__average_descends__k0__dh1__GNone__abs__forall__84fe26f8,SAT,0.01,0.01,5392,0
odeexpr_v2_aim_tanh_n2__mlp2_n2_h2__average_descends__k0__dh1__GNone__box__forall__20d9c2e3,SAT,0.02,0.03,5856,0
odeexpr_v2_aim_tanh_n2__mlp2_n2_h2__average_descends__k0__dh3__GNone__abs__forall__edc363b2,UNSAT,0.19,0.20,6096,0
odeexpr_v2_aim_tanh_n2__mlp2_n2_h2__both_descend__k0__dh1__GNone__abs__forall__5f060b8e,SAT,0.05,0.05,5936,0
odeexpr_v2_aim_tanh_n2__mlp2_n2_h2__both_descend__k0__dh1__GNone__abs__forall__6a30db36,SAT,7.93,7.96,6192,0
odeexpr_v2_aim_tanh_n2__mlp2_n2_h2__both_descend__k0__dh1__GNone__box__forall__218148f3,SAT,0.01,0.02,5104,0
odeexpr_v2_aim_tanh_n2__mlp2_n2_h2__both_descend__k0__dh1__GNone__box__forall__2be0c519,UNSAT,0.19,0.20,6272,0
odeexpr_v2_aim_tanh_n2__mlp2_n2_h2__both_descend__k0__dh3__GNone__abs__forall__23a49060,SAT,0.03,0.04,6000,0
odeexpr_v2_aim_tanh_n2__mlp2_n2_h2__both_descend__k0__dh3__GNone__abs__forall__db3f05c2,SAT,0.03,0.03,5984,0
odeexpr_v2_aim_tanh_n2__mlp2_n2_h2__sign_agreement__k0__dh1__GNone__abs__forall__5acf3a87,SAT,0.01,0.02,5808,0
odeexpr_v2_aim_tanh_n2__mlp2_n2_h2__sign_agreement__k0__dh1__GNone__abs__forall__619eff66,SAT,0.02,0.03,5792,0
odeexpr_v2_aim_tanh_n2__mlp2_n2_h2__sign_agreement__k0__dh1__GNone__box__forall__074c7ebc,SAT,0.01,0.02,5776,0
odeexpr_v2_aim_tanh_n2__mlp2_n2_h2__sign_agreement__k0__dh1__GNone__box__forall__aed75881,SAT,4.30,4.34,6224,0
odeexpr_v2_aim_tanh_n2__mlp2_n2_h2__sign_agreement__k0__dh3__GNone__abs__forall__e5e01492,SAT,0.02,0.04,5936,0
odeexpr_v2_aim_tanh_n2__mlp2_n2_h2__sign_agreement__k0__dh3__GNone__abs__forall__f68382ef,SAT,0.02,0.03,5872,0
odeexpr_v2_aim_tanh_n3__mlp2_n3_h3__average_descends__k0__dh2__GNone__box__forall__d0ddbb2b,TIM,596.24,600.01,6368,124
odeexpr_v2_aim_tanh_n3__mlp2_n3_h3__average_descends__k0__dh2__GNone__box__forall__dea973a1,SAT,0.06,0.06,6304,0
odeexpr_v2_aim_tanh_n3__mlp2_n3_h3__average_descends__k0__dh2__GNone__box__forall__e95efc53,UNSAT,0.49,0.50,6288,0
odeexpr_v2_aim_tanh_n3__mlp2_n3_h3__average_descends__k0__dh3__GNone__abs__forall__b80da5e4,SAT,0.03,0.04,5984,0
odeexpr_v2_aim_tanh_n3__mlp2_n3_h3__average_descends__k0__dh3__GNone__abs__forall__bf13c098,SAT,0.03,0.04,5952,0
odeexpr_v2_aim_tanh_n3__mlp2_n3_h3__both_descend__k0__dh1__GNone__abs__forall__094595bd,SAT,0.01,0.02,5600,0
odeexpr_v2_aim_tanh_n3__mlp2_n3_h3__both_descend__k0__dh1__GNone__abs__forall__b8b2f066,SAT,0.01,0.02,5568,0
odeexpr_v2_aim_tanh_n3__mlp2_n3_h3__both_descend__k0__dh2__GNone__abs__forall__23e2ee41,SAT,575.57,579.34,6608,0
odeexpr_v2_aim_tanh_n3__mlp2_n3_h3__both_descend__k0__dh2__GNone__abs__forall__ccadaebf,SAT,0.01,0.02,5584,0
odeexpr_v2_aim_tanh_n3__mlp2_n3_h3__both_descend__k0__dh3__GNone__abs__forall__51c182f9,SAT,1.08,1.09,6416,0
odeexpr_v2_aim_tanh_n3__mlp2_n3_h3__both_descend__k0__dh3__GNone__box__forall__5b05f935,SAT,0.05,0.06,6256,0
odeexpr_v2_aim_tanh_n3__mlp2_n3_h3__sign_agreement__k0__dh1__GNone__abs__forall__9c1b27e0,SAT,0.04,0.05,6272,0
odeexpr_v2_aim_tanh_n3__mlp2_n3_h3__sign_agreement__k0__dh1__GNone__box__forall__c7d90206,SAT,0.04,0.05,6240,0
odeexpr_v2_aim_tanh_n3__mlp2_n3_h3__sign_agreement__k0__dh2__GNone__box__forall__b809a664,SAT,0.03,0.03,5904,0
odeexpr_v2_aim_tanh_n3__mlp2_n3_h3__sign_agreement__k0__dh3__GNone__abs__forall__365038cc,SAT,0.03,0.04,6240,0
odeexpr_v2_kuramoto_ideal_N2__kuramoto_sat_N2__both_descend__k0__dh1__GNone__gradient__forall__0308a40f,UNSAT,0.06,0.07,6144,0
odeexpr_v2_kuramoto_ideal_N2__kuramoto_sat_N2__both_descend__k0__dh1__GNone__gradient__forall__c0876c6a,SAT,0.04,0.05,6272,0
odeexpr_v2_kuramoto_ideal_N2__kuramoto_sat_N2__both_descend__k0__dh1__GNone__gradient__forall__d96326f1,UNSAT,0.54,0.55,6656,0
odeexpr_v2_kuramoto_ideal_N3__kuramoto_sat_N3__both_descend__k0__dh1__GNone__gradient__forall__3ae34509,SAT,0.86,0.88,6832,0
odeexpr_v2_kuramoto_ideal_N3__kuramoto_sat_N3__both_descend__k0__dh1__GNone__gradient__forall__804a1e71,SAT,0.07,0.07,6576,0
odeexpr_v2_kuramoto_ideal_N3__kuramoto_sat_N3__both_descend__k0__dh1__GNone__gradient__forall__b02970ed,UNSAT,147.01,147.81,6848,0
odeexpr_v2_kuramoto_sat_N2__kuramoto_ideal_N2__both_descend__k0__dh1__GNone__gradient__forall__615b925e,UNSAT,0.06,0.06,6128,0
odeexpr_v2_kuramoto_sat_N2__kuramoto_ideal_N2__both_descend__k0__dh1__GNone__gradient__forall__fbd0a7b3,UNSAT,0.54,0.55,6672,0
odeexpr_v2_kuramoto_sat_N3__kuramoto_ideal_N3__both_descend__k0__dh1__GNone__gradient__forall__e7526cf1,UNSAT,147.48,148.37,6768,0
odeexpr_v2_mlp2_n1_h1__aim_tanh_n1__average_descends__k0__dh1__GNone__abs__exists_forall__1c2c9de4,SAT,0.01,0.02,6000,0
odeexpr_v2_mlp2_n1_h1__aim_tanh_n1__average_descends__k0__dh1__GNone__abs__exists_forall__af892f69,SAT,0.00,0.01,6016,0
odeexpr_v2_mlp2_n1_h1__aim_tanh_n1__average_descends__k0__dh1__GNone__box__exists_forall__86f28c07,UNSAT,0.00,0.01,5824,0
odeexpr_v2_mlp2_n1_h1__aim_tanh_n1__average_descends__k0__dh2__GNone__box__exists_forall__553950c9,SAT,99.72,100.21,7120,0
odeexpr_v2_mlp2_n1_h1__aim_tanh_n1__average_descends__k0__dh2__GNone__box__exists_forall__bf8d457d,SAT,99.84,100.33,7200,0
odeexpr_v2_mlp2_n1_h1__aim_tanh_n1__average_descends__k0__dh3__GNone__box__exists_forall__e95d4844,TIM,596.10,600.01,7136,124
odeexpr_v2_mlp2_n1_h1__aim_tanh_n1__both_descend__k0__dh1__GNone__box__exists_forall__50287cfe,UNSAT,16.13,16.23,6944,0
odeexpr_v2_mlp2_n1_h1__aim_tanh_n1__both_descend__k0__dh2__GNone__abs__exists_forall__2d451228,SAT,232.61,233.87,6816,0
odeexpr_v2_mlp2_n1_h1__aim_tanh_n1__both_descend__k0__dh3__GNone__box__exists_forall__866e2c51,TIM,595.93,600.00,6752,124
odeexpr_v2_mlp2_n1_h1__aim_tanh_n1__sign_agreement__k0__dh1__GNone__box__exists_forall__1d961a59,SAT,0.03,0.04,6592,0
odeexpr_v2_mlp2_n1_h1__aim_tanh_n1__sign_agreement__k0__dh1__GNone__box__exists_forall__2859cbad,SAT,0.03,0.04,6528,0
odeexpr_v2_mlp2_n1_h1__aim_tanh_n1__sign_agreement__k0__dh1__GNone__box__exists_forall__6e485b2d,SAT,0.03,0.04,6720,0
odeexpr_v2_mlp2_n1_h1__aim_tanh_n1__sign_agreement__k0__dh1__GNone__box__exists_forall__fd67f3a8,SAT,0.04,0.04,6752,0
odeexpr_v2_mlp2_n1_h1__aim_tanh_n1__sign_agreement__k0__dh3__GNone__box__exists_forall__9939cc76,SAT,0.08,0.08,7024,0
odeexpr_v2_mlp2_n2_h2__aim_tanh_n2__average_descends__k0__dh1__GNone__abs__exists_forall__90cc76f1,TIM,595.94,600.01,9072,124
odeexpr_v2_mlp2_n2_h2__aim_tanh_n2__average_descends__k0__dh1__GNone__abs__exists_forall__a0ca4216,TIM,596.00,600.01,7280,124
odeexpr_v2_mlp2_n2_h2__aim_tanh_n2__average_descends__k0__dh1__GNone__box__exists_forall__23c237e7,TIM,595.89,600.01,7440,124
odeexpr_v2_mlp2_n2_h2__aim_tanh_n2__average_descends__k0__dh2__GNone__box__exists_forall__909a0310,TIM,595.94,600.01,11744,124
odeexpr_v2_mlp2_n2_h2__aim_tanh_n2__both_descend__k0__dh1__GNone__abs__exists_forall__f3b828ae,TIM,595.97,600.01,8192,124
odeexpr_v2_mlp2_n2_h2__aim_tanh_n2__both_descend__k0__dh1__GNone__box__exists_forall__a2ddfb36,TIM,595.88,600.01,7904,124
odeexpr_v2_mlp2_n2_h2__aim_tanh_n2__both_descend__k0__dh2__GNone__abs__exists_forall__a10ce89b,TIM,595.89,600.01,7872,124
odeexpr_v2_mlp2_n2_h2__aim_tanh_n2__both_descend__k0__dh3__GNone__abs__exists_forall__2dec6439,TIM,596.23,600.01,45152,124
odeexpr_v2_mlp2_n2_h2__aim_tanh_n2__both_descend__k0__dh3__GNone__abs__exists_forall__b82c6c8a,TIM,597.49,600.00,45664,124
odeexpr_v2_mlp2_n2_h2__aim_tanh_n2__sign_agreement__k0__dh1__GNone__box__exists_forall__7cd77faa,SAT,0.00,0.02,4512,0
odeexpr_v2_mlp2_n2_h2__aim_tanh_n2__sign_agreement__k0__dh2__GNone__abs__exists_forall__241f0b39,TIM,597.61,600.01,8656,124
odeexpr_v2_mlp2_n2_h2__aim_tanh_n2__sign_agreement__k0__dh2__GNone__abs__exists_forall__e63d6008,TIM,597.91,600.01,8576,124
odeexpr_v2_mlp2_n3_h3__aim_tanh_n3__average_descends__k0__dh2__GNone__box__exists_forall__4718bfa9,TIM,598.21,600.01,42640,124
odeexpr_v2_mlp2_n3_h3__aim_tanh_n3__both_descend__k0__dh1__GNone__abs__exists_forall__2ccce405,TIM,598.17,600.01,15760,124
odeexpr_v2_mlp2_n3_h3__aim_tanh_n3__both_descend__k0__dh1__GNone__abs__exists_forall__d47326fd,TIM,598.01,600.01,15056,124
odeexpr_v2_mlp2_n3_h3__aim_tanh_n3__both_descend__k0__dh1__GNone__box__exists_forall__f4c54b60,TIM,598.16,600.01,11456,124
odeexpr_v2_mlp2_n3_h3__aim_tanh_n3__both_descend__k0__dh3__GNone__abs__exists_forall__5472892c,TIM,598.23,600.01,46464,124
odeexpr_v2_mlp2_n3_h3__aim_tanh_n3__both_descend__k0__dh3__GNone__box__exists_forall__6a1e937b,TIM,598.29,600.01,75776,124
odeexpr_v2_mlp2_n3_h3__aim_tanh_n3__sign_agreement__k0__dh3__GNone__abs__exists_forall__c7f54b04,TIM,598.33,600.01,23616,124
odeexpr_v2_nbody2d_n1__nbody2d_n1_affine__both_descend__k0__dh1__GNone__box__forall__09ecabcc,UNSAT,1.19,1.22,6288,0
odeexpr_v2_nbody2d_n1__nbody2d_n1_affine__both_descend__k0__dh1__GNone__box__forall__20e3af8f,UNSAT,0.11,0.12,6016,0
odeexpr_v2_nbody2d_n1__nbody2d_n1_affine__both_descend__k0__dh1__GNone__box__forall__bda94e45,UNSAT,0.13,0.14,6176,0
odeexpr_v2_nbody2d_n1__nbody2d_n1_affine__both_descend__k0__dh1__GNone__box__forall__ff6f1b8e,UNSAT,0.07,0.07,5984,0
odeexpr_v2_nbody2d_n1_affine__nbody2d_n1__both_descend__k0__dh1__GNone__box__forall__22df8b8d,UNSAT,0.14,0.15,6176,0
odeexpr_v2_nbody2d_n1_affine__nbody2d_n1__both_descend__k0__dh1__GNone__box__forall__3204f1b4,UNSAT,0.09,0.10,6016,0
odeexpr_v2_nbody2d_n1_affine__nbody2d_n1__both_descend__k0__dh1__GNone__box__forall__4148d559,UNSAT,0.64,0.66,6544,0
odeexpr_v2_nbody2d_n1_affine__nbody2d_n1__both_descend__k0__dh1__GNone__box__forall__c562446f,UNSAT,0.12,0.13,6080,0
odeexpr_v2_nbody2d_n2__nbody2d_n2_affine__both_descend__k0__dh1__GNone__box__forall__080cd7cf,TIM,598.40,600.01,12896,124
odeexpr_v2_nbody2d_n2__nbody2d_n2_affine__both_descend__k0__dh1__GNone__box__forall__25f04758,TIM,598.75,600.01,9152,124
odeexpr_v2_nbody2d_n2__nbody2d_n2_affine__both_descend__k0__dh1__GNone__box__forall__29f8c5ed,TIM,599.25,600.01,6848,124
odeexpr_v2_nbody2d_n2__nbody2d_n2_affine__both_descend__k0__dh1__GNone__box__forall__648deddd,UNSAT,3.30,3.32,8080,0
odeexpr_v2_nbody2d_n2__nbody2d_n2_affine__both_descend__k0__dh1__GNone__box__forall__6cd7f052,TIM,599.41,600.01,12272,124
odeexpr_v2_nbody2d_n2_affine__nbody2d_n2__both_descend__k0__dh1__GNone__box__forall__28e23325,UNSAT,3.44,3.47,8176,0
odeexpr_v2_nbody2d_soft_n1__nbody2d_soft_n1_affine__both_descend__k0__dh1__GNone__box__forall__d1735d42,UNSAT,1.14,1.17,6432,0
odeexpr_v2_nbody2d_soft_n1_affine__nbody2d_soft_n1__both_descend__k0__dh1__GNone__box__forall__8f3be250,UNSAT,0.61,0.62,6640,0
odeexpr_v2_spring2d_n2__spring2d_n2_affine__both_descend__k0__dh1__GNone__box__forall__1ff9a7e5,TIM,599.51,600.01,7360,124
odeexpr_v2_spring2d_n2__spring2d_n2_affine__both_descend__k0__dh1__GNone__box__forall__c3fa7d04,UNSAT,3.26,3.29,6592,0
odeexpr_v2_spring2d_n2__spring2d_n2_affine__both_descend__k0__dh1__GNone__box__forall__e6c80793,TIM,599.64,600.01,8288,124
odeexpr_v2_spring2d_n2_affine__spring2d_n2__both_descend__k0__dh1__GNone__box__forall__65499a65,UNSAT,3.19,3.20,6592,0
tacas_c2e2_0hz_k10_50000.0clkhz_uniform_OR_sigmoid.hyxml_SAT.drh.o,SAT,49.17,49.49,23728,0
tacas_c2e2_0hz_k11_10000.0clkhz_uniform_inverter_ramp.hyxml_SAT.drh.o,SAT,16.21,16.33,30688,0
tacas_c2e2_0hz_k12_50000.0clkhz_uniform_NOR_ramp.hyxml_UNS.drh.o,SAT,9.41,9.50,47392,0
tacas_c2e2_0hz_k12_50000.0clkhz_uniform_OR_sigmoid.hyxml_UNS.drh.o,SAT,59.18,59.75,28704,0
tacas_c2e2_0hz_k14_50000.0clkhz_uniform_NOR__sigmoid.hyxml_SAT.drh.o,SAT,26.37,26.58,27824,0
tacas_c2e2_0hz_k17_50000.0clkhz_uniform_NOR__sigmoid.hyxml_SAT.drh.o,SAT,33.22,33.58,35216,0
tacas_c2e2_0hz_k17_50000.0clkhz_uniform_NOR__sigmoid.hyxml_UNS.drh.o,SAT,32.26,32.48,35840,0
tacas_c2e2_0hz_k21_50000.0clkhz_uniform_NOR__sigmoid.hyxml_SAT.drh.o,SAT,41.56,41.92,47968,0
tacas_c2e2_0hz_k23_50000.0clkhz_uniform_NOR__sigmoid.hyxml_SAT.drh.o,SAT,45.81,46.27,55120,0
tacas_c2e2_0hz_k7_10000.0clkhz_uniform_inverter_sigmoid.hyxml_UNS.drh.o,UNSAT,21.78,22.06,27120,0
